<?xml version="1.0" encoding="UTF-8"?>
<root>
  <row>
    <Customer>CustomerID </Customer>
    <Datatype>INTEGER</Datatype>
  </row>
  <row>
    <Customer>Name</Customer>
    <Datatype>VARCHAR(50)</Datatype>
  </row>
  <row>
    <Customer>Email </Customer>
    <Datatype>VARCHAR(100)</Datatype>
  </row>
  <row>
    <Customer>Phone</Customer>
    <Datatype>VARCHAR(20)</Datatype>
  </row>
  <row>
    <Customer>Address </Customer>
    <Datatype>VARCHAR(255)</Datatype>
  </row>
</root>