<?xml version="1.0" encoding="UTF-8"?>
<root>
  <row>
    <Employee>Employee ID </Employee>
    <Datatype>INTEGER</Datatype>
  </row>
  <row>
    <Employee>Name</Employee>
    <Datatype>VARCHAR(50)</Datatype>
  </row>
  <row>
    <Employee>Email </Employee>
    <Datatype>VARCHAR(100)</Datatype>
  </row>
  <row>
    <Employee>HireDate</Employee>
    <Datatype>DATE</Datatype>
  </row>
  <row>
    <Employee>Position</Employee>
    <Datatype>VARCHAR(50)</Datatype>
  </row>
</root>