<?xml version="1.0" encoding="UTF-8"?>
<root>
  <row>
    <Location>Location Name </Location>
    <Datatype>VARCHAR(100)</Datatype>
  </row>
  <row>
    <Location>Address </Location>
    <Datatype>VARCHAR(255)</Datatype>
  </row>
  <row>
    <Location>Latitude </Location>
    <Datatype>DECIMAL(10,6)</Datatype>
  </row>
  <row>
    <Location>Longitude </Location>
    <Datatype>DECIMAL(10,6)</Datatype>
  </row>
  <row>
    <Location>Type ( Home, Office, Warehouse)</Location>
    <Datatype>VARCHAR(50)</Datatype>
  </row>
</root>