<?xml version="1.0" encoding="UTF-8"?>
<root>
  <row>
    <Product>ProductID</Product>
    <Datatypes>INTEGER</Datatypes>
  </row>
  <row>
    <Product>Name </Product>
    <Datatypes>VARCHAR(50)</Datatypes>
  </row>
  <row>
    <Product>Description </Product>
    <Datatypes>TEXT</Datatypes>
  </row>
  <row>
    <Product>Price </Product>
    <Datatypes>DECIMAL(10, 2)</Datatypes>
  </row>
  <row>
    <Product>StockQuantity </Product>
    <Datatypes>INTEGER</Datatypes>
  </row>
</root>