<?xml version="1.0" encoding="UTF-8"?>
<root>
  <row>
    <Supplier>SupplierID </Supplier>
    <Datatype>INTEGER</Datatype>
  </row>
  <row>
    <Supplier>Name </Supplier>
    <Datatype>VARCHAR(100)</Datatype>
  </row>
  <row>
    <Supplier>ContactPerson</Supplier>
    <Datatype>VARCHAR(50)</Datatype>
  </row>
  <row>
    <Supplier>Email </Supplier>
    <Datatype>VARCHAR(100)</Datatype>
  </row>
  <row>
    <Supplier>Phone</Supplier>
    <Datatype>VARCHAR(20)</Datatype>
  </row>
</root>